id,answers,correct_answer,question,json
001,"[""Abraham Lincoln"",""George Washington"",""Thomas Jefferson"",""Andrew Jackson""]",1,What US President's face appears on the quarter coin?,"{""question"":""What US President's face appears on the quarter coin?"",""correct_answer"":1,""answers"":[""Abraham Lincoln"",""George Washington"",""Thomas Jefferson"",""Andrew Jackson""]}"
002,"[""Florida"",""Texas"",""Utah"",""California""]",3,"What US State is nicknamed ""The Golden State?""","{""question"":""What US State is nicknamed ""The Golden State?"""",""correct_answer"":3,""answers"":[""Florida"",""Texas"",""Utah"",""California""]}"
003,"[""Persephone"",""Artemis"",""Dionysus"",""Demeter""]",3,What is the name of the Greek God/Goddess of the harvest and agriculture?,"{""question"":""What is the name of the Greek God/Goddess of the harvest and agriculture?"",""correct_answer"":3,""answers"":[""Persephone"",""Artemis"",""Dionysus"",""Demeter""]}"
004,"[""Ernest"",""Harry"",""Herb"",""Eugene""]",2,"In the television show ""The Simpsons,"" what is the name of Homer's half brother?","{""question"":""In the television show ""The Simpsons,"" what is the name of Homer's half brother?"",""correct_answer"":2,""answers"":[""Ernest"",""Harry"",""Herb"",""Eugene""]}"
005,"[""F. Scott Fitzgerald"",""Ernest Hemingway"",""T.S. Elliot"",""Gertrude Stein""]",0,"Who wrote the classic novel ""This Side of Paradise"" in 1920?","{""question"":""Who wrote the classic novel ""This Side of Paradise"" in 1920?"",""correct_answer"":0,""answers"":[""F. Scott Fitzgerald"",""Ernest Hemingway"",""T.S. Elliot"",""Gertrude Stein""]}"
006,"[""The Kids Are Alright"",""Teenage Wasteland"",""Hello Wisconsin"",""None, it was always ""That 70s Show""""]",1,"Which of these options was the original title for the sitcom ""That 70s Show?""","{""question"":""Which of these options was the original title for the sitcom ""That 70s Show?"""",""correct_answer"":1,""answers"":[""The Kids Are Alright"",""Teenage Wasteland"",""Hello Wisconsin"",""None, it was always ""That 70s Show""""]}"
007,"[""Denmark"",""Hungary"",""Netherlands"",""Austria""]",0,Copenhagen is the capital of what European country?,"{""question"":""Copenhagen is the capital of what European country?"",""correct_answer"":0,""answers"":[""Denmark"",""Hungary"",""Netherlands"",""Austria""]}"
008,"[""Hawkins Memorial Mall"",""Heart of Hawkins Mall"",""Starcourt Mall"",""Stardew Mall""]",2,"What is the name of the mall in ""Stranger Things"" where Steve, Robin, Dustin, and Erika spend most of season 3?","{""question"":""What is the name of the mall in ""Stranger Things"" where Steve, Robin, Dustin, and Erika spend most of season 3?"",""correct_answer"":2,""answers"":[""Hawkins Memorial Mall"",""Heart of Hawkins Mall"",""Starcourt Mall"",""Stardew Mall""]}"
009,"[""1748"",""1767"",""1776"",""1667""]",2,What year was The Declaration if Independence signed?,"{""question"":""What year was The Declaration if Independence signed?"",""correct_answer"":2,""answers"":[""1748"",""1767"",""1776"",""1667""]}"
010,"[""Franklin Delano Roosevelt"",""Abraham Lincoln"",""Theodore Roosevelt"",""George Washington""]",0,Which of these US Presidents are NOT carved on Mount Rushmore?,"{""question"":""Which of these US Presidents are NOT carved on Mount Rushmore?"",""correct_answer"":0,""answers"":[""Franklin Delano Roosevelt"",""Abraham Lincoln"",""Theodore Roosevelt"",""George Washington""]}"
011,"[""Environmental Laws"",""Insider Trading"",""Food Safety Laws"",""Child Labor Laws""]",2,"What did Upton Sinclair's book ""The Jungle"" help create legislation for?","{""question"":""What did Upton Sinclair's book ""The Jungle"" help create legislation for?"",""correct_answer"":2,""answers"":[""Environmental Laws"",""Insider Trading"",""Food Safety Laws"",""Child Labor Laws""]}"
012,"[""The Ottoman Empire"",""The Mongol Empire"",""The Roman Empire"",""The British Empire""]",1,What is considered the largest empire in all of history?,"{""question"":""What is considered the largest empire in all of history?"",""correct_answer"":1,""answers"":[""The Ottoman Empire"",""The Mongol Empire"",""The Roman Empire"",""The British Empire""]}"
013,"[""2002"",""2009"",""2007"",""2005""]",2,What year was the first iPhone released?,"{""question"":""What year was the first iPhone released?"",""correct_answer"":2,""answers"":[""2002"",""2009"",""2007"",""2005""]}"
014,"[""Lamb"",""Pig"",""Sheep"",""Monkey""]",2,Dolly was the name of the first mammal ever cloned. What species of mammal was Dolly?,"{""question"":""Dolly was the name of the first mammal ever cloned. What species of mammal was Dolly?"",""correct_answer"":2,""answers"":[""Lamb"",""Pig"",""Sheep"",""Monkey""]}"
015,"[""Flatwoods Monster"",""Fresno Nightcrawler"",""Bigfoot"",""Mothman""]",3,"What Cryptid first seen in West Virginia is often called ""The Harbinger of Doom?""","{""question"":""What Cryptid first seen in West Virginia is often called ""The Harbinger of Doom?"""",""correct_answer"":3,""answers"":[""Flatwoods Monster"",""Fresno Nightcrawler"",""Bigfoot"",""Mothman""]}"
016,"[""Love"",""Hope"",""Patience"",""Virtue""]",1,"According to Greek mythology, when Pandora's box was opened all of the miseries and misfortunes of man where released. What was the only thing left in the box?","{""question"":""According to Greek mythology, when Pandora's box was opened all of the miseries and misfortunes of man where released. What was the only thing left in the box?"",""correct_answer"":1,""answers"":[""Love"",""Hope"",""Patience"",""Virtue""]}"
017,"[""Hephaestus"",""Apollo"",""Aries"",""Hermes""]",3,"What Greek God was considered the ""Herald of the Gods?""","{""question"":""What Greek God was considered the ""Herald of the Gods?"""",""correct_answer"":3,""answers"":[""Hephaestus"",""Apollo"",""Aries"",""Hermes""]}"
018,"[""Virgo & Gemini"",""Gemini & Leo"",""Aries & Capricorn"",""Leo & Virgo""]",0,"In modern Astrology, zodiac signs are ruled by planets. What two signs does Mercury rule?","{""question"":""In modern Astrology, zodiac signs are ruled by planets. What two signs does Mercury rule?"",""correct_answer"":0,""answers"":[""Virgo & Gemini"",""Gemini & Leo"",""Aries & Capricorn"",""Leo & Virgo""]}"
019,"[""Libra"",""Taurus"",""Capricorn"",""Leo  ""]",1,The bull represents what zodiac sign?,"{""question"":""The bull represents what zodiac sign?"",""correct_answer"":1,""answers"":[""Libra"",""Taurus"",""Capricorn"",""Leo  ""]}"
020,"[""The Globe Theatre"",""The Sonnet Theatre"",""Shakespeare's Theatre"",""The Piccadilly Theatre""]",0,What was the name of William Shakespeare's theatre?,"{""question"":""What was the name of William Shakespeare's theatre?"",""correct_answer"":0,""answers"":[""The Globe Theatre"",""The Sonnet Theatre"",""Shakespeare's Theatre"",""The Piccadilly Theatre""]}"
021,"[""Ghostbusters costume"",""Michael Myers costume"",""An alien mask"",""No costume""]",1,"What does Sadie Sink's character Max in ""Stranger Things"" wear for Halloween?","{""question"":""What does Sadie Sink's character Max in ""Stranger Things"" wear for Halloween?"",""correct_answer"":1,""answers"":[""Ghostbusters costume"",""Michael Myers costume"",""An alien mask"",""No costume""]}"
022,"[""Huey Lewis and the News"",""Funkadelic"",""Ray Parker Jr."",""Eurythmics""]",2,"Who wrote and performed the theme for the cult classic film ""Ghostbusters?""","{""question"":""Who wrote and performed the theme for the cult classic film ""Ghostbusters?"""",""correct_answer"":2,""answers"":[""Huey Lewis and the News"",""Funkadelic"",""Ray Parker Jr."",""Eurythmics""]}"
023,"[""Taxi Driver"",""Tootsie"",""Escape from New York"",""Midnight Cowboy""]",3,"In was film was the phrase ""I'm walking here"" adlibbed when the actor saying it was almost hit by a car?","{""question"":""In was film was the phrase ""I'm walking here"" adlibbed when the actor saying it was almost hit by a car?"",""correct_answer"":3,""answers"":[""Taxi Driver"",""Tootsie"",""Escape from New York"",""Midnight Cowboy""]}"
024,"[""Delaware"",""Pennsylvania"",""Massachusetts"",""New Jersey""]",2,What was the first state to sign the Declaration of Independence?,"{""question"":""What was the first state to sign the Declaration of Independence?"",""correct_answer"":2,""answers"":[""Delaware"",""Pennsylvania"",""Massachusetts"",""New Jersey""]}"
025,"[""21st Amendment"",""18th Amendment"",""15th Amendment"",""19th Amendment""]",3,Women were granted the right to vote when what amendment was passed?,"{""question"":""Women were granted the right to vote when what amendment was passed?"",""correct_answer"":3,""answers"":[""21st Amendment"",""18th Amendment"",""15th Amendment"",""19th Amendment""]}"
026,"[""Theodore Roosevelt"",""Franklin Delano Roosevelt"",""Herbert Hoover"",""John F. Kennedy""]",1,"What US President was famous for their ""Fireside Chats"" where they spoke to citizens over the radio to calm their nerves during crisis?","{""question"":""What US President was famous for their ""Fireside Chats"" where they spoke to citizens over the radio to calm their nerves during crisis?"",""correct_answer"":1,""answers"":[""Theodore Roosevelt"",""Franklin Delano Roosevelt"",""Herbert Hoover"",""John F. Kennedy""]}"
027,"[""Ronald Reagan"",""Dwight D. Eisenhower"",""Richard Nixon"",""Bill Clinton""]",2,Who was the only president in US history to resign?,"{""question"":""Who was the only president in US history to resign?"",""correct_answer"":2,""answers"":[""Ronald Reagan"",""Dwight D. Eisenhower"",""Richard Nixon"",""Bill Clinton""]}"
028,"[""Hip to Be Square"",""Take On Me"",""Wake Me Up Before You Go-Go"",""Old Time Rock and Roll""]",3,"What song did Tom Cruise's character lip sync in his underwear in the iconic ""Risky Business"" scene?","{""question"":""What song did Tom Cruise's character lip sync in his underwear in the iconic ""Risky Business"" scene?"",""correct_answer"":3,""answers"":[""Hip to Be Square"",""Take On Me"",""Wake Me Up Before You Go-Go"",""Old Time Rock and Roll""]}"
029,"[""""La La Land"""",""""Moonlight"""",""""Arrival"""",""""Manchester by the Sea""""]",0,What film was incorrectly called for the best picture winner during the 2017 Oscars?,"{""question"":""What film was incorrectly called for the best picture winner during the 2017 Oscars?"",""correct_answer"":0,""answers"":[""""La La Land"""",""""Moonlight"""",""""Arrival"""",""""Manchester by the Sea""""]}"
030,"[""""Vertigo"""",""""Jamaica Plane"""",""""Rope"""",""""The Birds""""]",2,What was the name of the Alfred Hitchcock movie filmed to look like one continuous shot?,"{""question"":""What was the name of the Alfred Hitchcock movie filmed to look like one continuous shot?"",""correct_answer"":2,""answers"":[""""Vertigo"""",""""Jamaica Plane"""",""""Rope"""",""""The Birds""""]}"
031,"[""England"",""Morocco"",""Monaco"",""Norway""]",2,"Originally from Philadelphia, Grace Kelly married a prince and became the Princess of what country?","{""question"":""Originally from Philadelphia, Grace Kelly married a prince and became the Princess of what country?"",""correct_answer"":2,""answers"":[""England"",""Morocco"",""Monaco"",""Norway""]}"
032,"[""""Casablanca"""",""""Gone With the Wind"""",""""Avatar"""",""""Titanic""""]",1,"Taking inflation into account, what is the highest grossing movie of all time?","{""question"":""Taking inflation into account, what is the highest grossing movie of all time?"",""correct_answer"":1,""answers"":[""""Casablanca"""",""""Gone With the Wind"""",""""Avatar"""",""""Titanic""""]}"
033,"[""Jonesy"",""Pumpkin"",""Stevie"",""Tiger""]",0,"What was the name of the orange cat kept on the ship in ""Alien?""","{""question"":""What was the name of the orange cat kept on the ship in ""Alien?"""",""correct_answer"":0,""answers"":[""Jonesy"",""Pumpkin"",""Stevie"",""Tiger""]}"
034,"[""""Scream"""",""""The Babadook"""",""""The Thing"""",""""Alien""""]",1,"What horror movie was accidently tagged in the LGBTQ+ section of Netflix, unintentionally making the monster a LGBTQ+ icon?","{""question"":""What horror movie was accidently tagged in the LGBTQ+ section of Netflix, unintentionally making the monster a LGBTQ+ icon?"",""correct_answer"":1,""answers"":[""""Scream"""",""""The Babadook"""",""""The Thing"""",""""Alien""""]}"
035,"[""Ctrl + c"",""Shift + c"",""Ctrl + v"",""Shift + v""]",0,What is the computer shorthand for copying text or an image?,"{""question"":""What is the computer shorthand for copying text or an image?"",""correct_answer"":0,""answers"":[""Ctrl + c"",""Shift + c"",""Ctrl + v"",""Shift + v""]}"
036,"[""Greta Thunberg"",""Marie Curie"",""Malala Yousafzai"",""Gertrude Ellon""]",1,Who was the first woman to win a Nobel Prize?,"{""question"":""Who was the first woman to win a Nobel Prize?"",""correct_answer"":1,""answers"":[""Greta Thunberg"",""Marie Curie"",""Malala Yousafzai"",""Gertrude Ellon""]}"
037,"[""Neptune"",""Venus"",""Saturn"",""Jupiter""]",2,What planet in our solar system has the most moons with 83 in total?,"{""question"":""What planet in our solar system has the most moons with 83 in total?"",""correct_answer"":2,""answers"":[""Neptune"",""Venus"",""Saturn"",""Jupiter""]}"
038,"[""Orange"",""Pink"",""Blue"",""Purple""]",2,What color is the sunset on Mars?,"{""question"":""What color is the sunset on Mars?"",""correct_answer"":2,""answers"":[""Orange"",""Pink"",""Blue"",""Purple""]}"
039,"[""Type A+"",""Type B"",""Type C"",""Type O""]",3,"What blood type is known as ""universal donor"" blood?","{""question"":""What blood type is known as ""universal donor"" blood?"",""correct_answer"":3,""answers"":[""Type A+"",""Type B"",""Type C"",""Type O""]}"
040,"[""Makalu"",""Mount Everest"",""Annapurna"",""Kamet""]",1,What is the tallest mountain on Earth?,"{""question"":""What is the tallest mountain on Earth?"",""correct_answer"":1,""answers"":[""Makalu"",""Mount Everest"",""Annapurna"",""Kamet""]}"
041,"[""Radiation"",""Pressure"",""Temperature"",""Density""]",0,What does the Geiger Counter measure?,"{""question"":""What does the Geiger Counter measure?"",""correct_answer"":0,""answers"":[""Radiation"",""Pressure"",""Temperature"",""Density""]}"
042,"[""Copernicus"",""Plato"",""Galileo"",""Aristotle""]",2,Who invented the telescope?,"{""question"":""Who invented the telescope?"",""correct_answer"":2,""answers"":[""Copernicus"",""Plato"",""Galileo"",""Aristotle""]}"
043,"[""12"",""8"",""9"",""7""]",3,How many Zodiac Signs are represented by animals?,"{""question"":""How many Zodiac Signs are represented by animals?"",""correct_answer"":3,""answers"":[""12"",""8"",""9"",""7""]}"
044,"[""""Sick Sad World"""",""""The Young Ones"""",""""Army of Aliens"""",""""Uf-oh no""""]",0,"What is the name of the popular TV show on ""Daria""","{""question"":""What is the name of the popular TV show on ""Daria"""",""correct_answer"":0,""answers"":[""""Sick Sad World"""",""""The Young Ones"""",""""Army of Aliens"""",""""Uf-oh no""""]}"
045,"["\"CSI: Crime Scene Investigation\"","\"Law and Order: SVU\"","\"Gunsmoke\"","\"NCIS\""]",1,What is the longest running live action primetime show?,"{""question"":""What is the longest running live action primetime show?"",""correct_answer"":1,""answers"":[""""CSI: Crime Scene Investigation"""",""""Law and Order: SVU"""",""""Gunsmoke"""",""""NCIS""""]}"
046,"[""""Golden Girls"""",""""Family Guy"""",""""The Simpsons"""",""""SpongeBob SquarePants""""]",2,What is the longest running show of all time?,"{""question"":""What is the longest running show of all time?"",""correct_answer"":2,""answers"":[""""Golden Girls"""",""""Family Guy"""",""""The Simpsons"""",""""SpongeBob SquarePants""""]}"
047,"[""Applebee's"",""The Cheesecake Factory"",""T.G.I Fridays"",""Hibachi""]",1,"What restaurant is Penny a waitress for in ""The Big Bang Theory?""","{""question"":""What restaurant is Penny a waitress for in ""The Big Bang Theory?"""",""correct_answer"":1,""answers"":[""Applebee's"",""The Cheesecake Factory"",""T.G.I Fridays"",""Hibachi""]}"
048,"[""Sherwood"",""Canterbury"",""Far Far Away"",""Duloc""]",3,"What is the name of the city Lord Farquaad rules in ""Shrek?""","{""question"":""What is the name of the city Lord Farquaad rules in ""Shrek?"""",""correct_answer"":3,""answers"":[""Sherwood"",""Canterbury"",""Far Far Away"",""Duloc""]}"
049,"[""Martha Stewart"",""Bill Murray"",""Dwayne ""The Rock"" Johnson"",""Willie Nelson""]",1,"What famous actor played himself in the first ""Zombieland"" movie?","{""question"":""What famous actor played himself in the first ""Zombieland"" movie?"",""correct_answer"":1,""answers"":[""Martha Stewart"",""Bill Murray"",""Dwayne ""The Rock"" Johnson"",""Willie Nelson""]}"
050,"[""75 meters"",""100 meters"",""50 meters"",""30 meters""]",2,How long is an Olympic swimming pool in meters?,"{""question"":""How long is an Olympic swimming pool in meters?"",""correct_answer"":2,""answers"":[""75 meters"",""100 meters"",""50 meters"",""30 meters""]}"
051,"[""Germany, Russia, Japan"",""Russia, Japan, Italy"",""Italy, France, Russia"",""Germany, Italy, Japan""]",3,In World War II the Axis powers were made up of what countries?,"{""question"":""In World War II the Axis powers were made up of what countries?"",""correct_answer"":3,""answers"":[""Germany, Russia, Japan"",""Russia, Japan, Italy"",""Italy, France, Russia"",""Germany, Italy, Japan""]}"
052,"[""Atlantic"",""Pacific"",""Arctic"",""Indian""]",1,What is the largest ocean on Earth?,"{""question"":""What is the largest ocean on Earth?"",""correct_answer"":1,""answers"":[""Atlantic"",""Pacific"",""Arctic"",""Indian""]}"
053,"[""Coffee"",""Coca-Cola"",""Tea"",""Lemonade""]",2,What is the most consumed manufactured drink in the world?,"{""question"":""What is the most consumed manufactured drink in the world?"",""correct_answer"":2,""answers"":[""Coffee"",""Coca-Cola"",""Tea"",""Lemonade""]}"
054,"[""Mr. Potato Head Doll"",""Barbie Doll"",""GI Joe"",""Jack in the Box""]",0,What was the first toy to be advertised on television?,"{""question"":""What was the first toy to be advertised on television?"",""correct_answer"":0,""answers"":[""Mr. Potato Head Doll"",""Barbie Doll"",""GI Joe"",""Jack in the Box""]}"
055,"[""""M.A.S.H"""",""""Star Trek"""",""""Full House"""",""""Family Matters""""]",1,What TV show aired the first interracial kiss?,"{""question"":""What TV show aired the first interracial kiss?"",""correct_answer"":1,""answers"":[""""M.A.S.H"""",""""Star Trek"""",""""Full House"""",""""Family Matters""""]}"
056,"[""Tennis"",""Water Polo"",""Football (American)"",""Soccer""]",3,"What sport is known as ""The King of Sports?""","{""question"":""What sport is known as ""The King of Sports?"""",""correct_answer"":3,""answers"":[""Tennis"",""Water Polo"",""Football (American)"",""Soccer""]}"
057,"[""Russia"",""Asia"",""North America"",""Africa""]",1,What is the largest continent on Earth?,"{""question"":""What is the largest continent on Earth?"",""correct_answer"":1,""answers"":[""Russia"",""Asia"",""North America"",""Africa""]}"
058,"[""Arizona"",""Utah"",""New Mexico"",""Texas""]",2,"Famous for the alleged UFO crash, Roswell is a city in what US state?","{""question"":""Famous for the alleged UFO crash, Roswell is a city in what US state?"",""correct_answer"":2,""answers"":[""Arizona"",""Utah"",""New Mexico"",""Texas""]}"
059,"[""Stallion"",""Cow"",""Unicorn"",""Pig""]",2,What is the national animal of Scotland?,"{""question"":""What is the national animal of Scotland?"",""correct_answer"":2,""answers"":[""Stallion"",""Cow"",""Unicorn"",""Pig""]}"
060,"[""Mars"",""Mercury"",""Neptune"",""Venus""]",3,What is the hottest planet in out solar system?,"{""question"":""What is the hottest planet in out solar system?"",""correct_answer"":3,""answers"":[""Mars"",""Mercury"",""Neptune"",""Venus""]}"
061,"[""Georgia"",""Florida"",""Alabama"",""Mississippi""]",0,In what US state is it illegal to eat fried chicken with a fork?,"{""question"":""In what US state is it illegal to eat fried chicken with a fork?"",""correct_answer"":0,""answers"":[""Georgia"",""Florida"",""Alabama"",""Mississippi""]}"
062,"[""New Mexico"",""Nevada"",""Utah"",""Arizona""]",1,Area 51 is located in what US state?,"{""question"":""Area 51 is located in what US state?"",""correct_answer"":1,""answers"":[""New Mexico"",""Nevada"",""Utah"",""Arizona""]}"
063,"[""Iceland"",""Ireland"",""Sweden"",""Netherlands""]",0,What country diverts roads to make sure elves are undisturbed?,"{""question"":""What country diverts roads to make sure elves are undisturbed?"",""correct_answer"":0,""answers"":[""Iceland"",""Ireland"",""Sweden"",""Netherlands""]}"
064,"[""Da Vinci"",""Michelangelo"",""Donatello"",""Raphael""]",1,Who painted the ceiling of the Sistine Chapel?,"{""question"":""Who painted the ceiling of the Sistine Chapel?"",""correct_answer"":1,""answers"":[""Da Vinci"",""Michelangelo"",""Donatello"",""Raphael""]}"
065,"[""Wheatfield with Crows"",""Irises"",""Tree Roots"",""Self Portrait""]",2,What was Vincent van Gogh's final painting?,"{""question"":""What was Vincent van Gogh's final painting?"",""correct_answer"":2,""answers"":[""Wheatfield with Crows"",""Irises"",""Tree Roots"",""Self Portrait""]}"
066,"[""Gritty"",""Benny the Bull"",""Otto the Orange"",""Jazz Bear""]",0,Who is the mascot of the Philadelphia Flyers?,"{""question"":""Who is the mascot of the Philadelphia Flyers?"",""correct_answer"":0,""answers"":[""Gritty"",""Benny the Bull"",""Otto the Orange"",""Jazz Bear""]}"
067,"[""Golf"",""Tennis"",""Soccer"",""Bowling""]",1,"""Love"" is a score in what sport?","{""question"":""""Love"" is a score in what sport?"",""correct_answer"":1,""answers"":[""Golf"",""Tennis"",""Soccer"",""Bowling""]}"
068,"[""1924"",""1932"",""1900"",""1950""]",2,What year were women first allowed to participate in the Olympics?,"{""question"":""What year were women first allowed to participate in the Olympics?"",""correct_answer"":2,""answers"":[""1924"",""1932"",""1900"",""1950""]}"
069,"[""Badminton"",""Golf"",""Basketball"",""Flag Football""]",1,What was the first and only sport played on the moon?,"{""question"":""What was the first and only sport played on the moon?"",""correct_answer"":1,""answers"":[""Badminton"",""Golf"",""Basketball"",""Flag Football""]}"
070,"[""The Springfield Isotopes"",""The Springfield Clowns"",""The Springfield Neutrons"",""The Springfield Experience""]",0,"What is the name of the fictional baseball team in ""The Simpsons?""","{""question"":""What is the name of the fictional baseball team in ""The Simpsons?"""",""correct_answer"":0,""answers"":[""The Springfield Isotopes"",""The Springfield Clowns"",""The Springfield Neutrons"",""The Springfield Experience""]}"
071,"[""1990"",""1985"",""1987"",""1995""]",1,What year was the WWE's first WrestleMania?,"{""question"":""What year was the WWE's first WrestleMania?"",""correct_answer"":1,""answers"":[""1990"",""1985"",""1987"",""1995""]}"
072,"[""WCW (World Championship Wrestling)"",""ECW (Extreme Championship Wrestling)"",""WWF (World Wrestling Federation)"",""It has always been WWE""]",2,"Before they rebranded as WWE (World Wrestling Entertainment), what name did WWE go by?","{""question"":""Before they rebranded as WWE (World Wrestling Entertainment), what name did WWE go by?"",""correct_answer"":2,""answers"":[""WCW (World Championship Wrestling)"",""ECW (Extreme Championship Wrestling)"",""WWF (World Wrestling Federation)"",""It has always been WWE""]}"
073,"[""""Take On Me"" by A-ha"",""""Video Killed the Radio Star"" by the Buggles"",""""Bohemian Rhapsody"" by Queen"",""""Stairway to Heaven"" by Led Zeppelin""]",1,What was the first music video to appear on MTV?,"{""question"":""What was the first music video to appear on MTV?"",""correct_answer"":1,""answers"":[""""Take On Me"" by A-ha"",""""Video Killed the Radio Star"" by the Buggles"",""""Bohemian Rhapsody"" by Queen"",""""Stairway to Heaven"" by Led Zeppelin""]}"
074,"[""Duran Duran"",""AC/DC"",""The Zombies"",""Captain Beefheart and His Magic Band""]",0,"The movie ""Barbarella"" inspired the name of what music group?","{""question"":""The movie ""Barbarella"" inspired the name of what music group?"",""correct_answer"":0,""answers"":[""Duran Duran"",""AC/DC"",""The Zombies"",""Captain Beefheart and His Magic Band""]}"
075,"[""Spice Girls"",""Spice World"",""Spice"",""Baby Spice""]",2,What was the name of The Spice Girls debut album?,"{""question"":""What was the name of The Spice Girls debut album?"",""correct_answer"":2,""answers"":[""Spice Girls"",""Spice World"",""Spice"",""Baby Spice""]}"
076,"[""That's great it starts with an earthquake"",""The latter starts to clatter"",""Birthday party, cheesecake, jellybean, boom"",""Richard Nixon back again""]",3,"Which of these is not a lyric of ""It's the End of the World as We Know It"" by REM?","{""question"":""Which of these is not a lyric of ""It's the End of the World as We Know It"" by REM?"",""correct_answer"":3,""answers"":[""That's great it starts with an earthquake"",""The latter starts to clatter"",""Birthday party, cheesecake, jellybean, boom"",""Richard Nixon back again""]}"
077,"[""The Eagles"",""Led Zeppelin"",""Black Sabbath"",""Styx""]",1,The New Yardbirds was the original name for what popular band?,"{""question"":""The New Yardbirds was the original name for what popular band?"",""correct_answer"":1,""answers"":[""The Eagles"",""Led Zeppelin"",""Black Sabbath"",""Styx""]}"
078,"[""Motley Cru"",""Guns N Roses"",""Queen"",""The Beatles""]",2,Brian Harold May was the lead guitarist of what classic rock band?,"{""question"":""Brian Harold May was the lead guitarist of what classic rock band?"",""correct_answer"":2,""answers"":[""Motley Cru"",""Guns N Roses"",""Queen"",""The Beatles""]}"
079,"[""Switzerland"",""Iceland"",""Norway"",""Sweden""]",3,What country did ABBA originate from?,"{""question"":""What country did ABBA originate from?"",""correct_answer"":3,""answers"":[""Switzerland"",""Iceland"",""Norway"",""Sweden""]}"
080,"[""""You'll Be In My Heart"" by Phil Collins "",""""My Heart Will Go On"" performed by Celine Dion"",""""I Don't Want to Miss a Thing"" performed by Aerosmith"",""""If I Didn't Have You"" by Randy Newman""]",2,Which song did NOT win an Academy Award for best original song?,"{""question"":""Which song did NOT win an Academy Award for best original song?"",""correct_answer"":2,""answers"":[""""You'll Be In My Heart"" by Phil Collins "",""""My Heart Will Go On"" performed by Celine Dion"",""""I Don't Want to Miss a Thing"" performed by Aerosmith"",""""If I Didn't Have You"" by Randy Newman""]}"
081,"[""Lady Gaga"",""Ariana Grande"",""Tina Turner"",""Madonna""]",3,"Who is known as ""The Queen of Pop?""","{""question"":""Who is known as ""The Queen of Pop?"""",""correct_answer"":3,""answers"":[""Lady Gaga"",""Ariana Grande"",""Tina Turner"",""Madonna""]}"
082,"[""House Greyjoy"",""House Baratheon"",""House Tully"",""House Tyrell""]",0,"In ""Game of Thrones"" what house does the motto ""We do not sow"" belong to?","{""question"":""In ""Game of Thrones"" what house does the motto ""We do not sow"" belong to?"",""correct_answer"":0,""answers"":[""House Greyjoy"",""House Baratheon"",""House Tully"",""House Tyrell""]}"
083,"[""Legolas"",""Aragorn"",""Frodo"",""Samwise""]",1,"What ""Lord of the Rings"" character was injured by kicking a helmet on camera, breaking two of their toes?","{""question"":""What ""Lord of the Rings"" character was injured by kicking a helmet on camera, breaking two of their toes?"",""correct_answer"":1,""answers"":[""Legolas"",""Aragorn"",""Frodo"",""Samwise""]}"
084,"[""Vermont"",""Florida"",""Colorado"",""Idaho""]",2,"What US state does the show ""South Park"" take place in?","{""question"":""What US state does the show ""South Park"" take place in?"",""correct_answer"":2,""answers"":[""Vermont"",""Florida"",""Colorado"",""Idaho""]}"
085,"[""From the south"",""Left handed"",""Farsighted"",""Stubborn""]",1,"To say someone is a ""southpaw"" means they are - ","{""question"":""To say someone is a ""southpaw"" means they are - "",""correct_answer"":1,""answers"":[""From the south"",""Left handed"",""Farsighted"",""Stubborn""]}"
086,"[""Starbucks"",""Monk's Cafe"",""Luke's"",""Central Perk""]",3,"What is the name of the coffee house on the TV show ""Friends?""","{""question"":""What is the name of the coffee house on the TV show ""Friends?"""",""correct_answer"":3,""answers"":[""Starbucks"",""Monk's Cafe"",""Luke's"",""Central Perk""]}"
087,"[""""Golden Girls"""",""""M.A.S.H"""",""""I Love Lucy"""",""""Gunsmoke""""]",2,What TV show aired the first ever rerun?,"{""question"":""What TV show aired the first ever rerun?"",""correct_answer"":2,""answers"":[""""Golden Girls"""",""""M.A.S.H"""",""""I Love Lucy"""",""""Gunsmoke""""]}"
088,"[""Queens"",""Manhattan"",""Staten Island"",""Long Island""]",2,"What part of New York City do the vampires from ""What We Do In the Shadows"" live?","{""question"":""What part of New York City do the vampires from ""What We Do In the Shadows"" live?"",""correct_answer"":2,""answers"":[""Queens"",""Manhattan"",""Staten Island"",""Long Island""]}"
089,"[""A banana"",""An ice cream cone"",""A hot dog"",""A stalk of corn""]",0,"In ""Arrested Development"" the Bluth family own and operate a small food stand shaped as what?","{""question"":""In ""Arrested Development"" the Bluth family own and operate a small food stand shaped as what?"",""correct_answer"":0,""answers"":[""A banana"",""An ice cream cone"",""A hot dog"",""A stalk of corn""]}"
090,"[""Kraftwork"",""Reflections"",""What You Needle"",""OK Crochet""]",1,"What is the name of the craft goods store ran by Edith in ""Bob's Burgers?""","{""question"":""What is the name of the craft goods store ran by Edith in ""Bob's Burgers?"""",""correct_answer"":1,""answers"":[""Kraftwork"",""Reflections"",""What You Needle"",""OK Crochet""]}"
091,"[""The Hulk"",""Iron Man"",""Batman"",""Green Lantern""]",2,Mr. Freeze is a villain in which super hero's universe?,"{""question"":""Mr. Freeze is a villain in which super hero's universe?"",""correct_answer"":2,""answers"":[""The Hulk"",""Iron Man"",""Batman"",""Green Lantern""]}"
092,"[""The Thing"",""Beast Boy"",""Mystique"",""Magneto""]",3,Which of these super heroes cannot shapeshift?,"{""question"":""Which of these super heroes cannot shapeshift?"",""correct_answer"":3,""answers"":[""The Thing"",""Beast Boy"",""Mystique"",""Magneto""]}"
093,"[""Jack Nicholson"",""Jim Carrey"",""Danny DeVito"",""Anthony Hopkins""]",3,Which of these actors have never played a Batman villain?,"{""question"":""Which of these actors have never played a Batman villain?"",""correct_answer"":3,""answers"":[""Jack Nicholson"",""Jim Carrey"",""Danny DeVito"",""Anthony Hopkins""]}"
094,"[""Captain Kirk"",""Spock"",""Indiana Jones"",""Han Solo""]",0,"What fictional character was Michael Myers' mask made from in the original ""Halloween""","{""question"":""What fictional character was Michael Myers' mask made from in the original ""Halloween"""",""correct_answer"":0,""answers"":[""Captain Kirk"",""Spock"",""Indiana Jones"",""Han Solo""]}"
095,"[""""Titanic"""",""""Fried Green Tomatoes"""",""""Misery"""",""""Atonement""""]",3,Which of the following movies did actress Kathy Bates NOT appear in?,"{""question"":""Which of the following movies did actress Kathy Bates NOT appear in?"",""correct_answer"":3,""answers"":[""""Titanic"""",""""Fried Green Tomatoes"""",""""Misery"""",""""Atonement""""]}"
096,"[""""Pong"""",""""Computer Space"""",""""Tetris"""",""""Pac Man""""]",1,What was the first arcade game to be released to the public?,"{""question"":""What was the first arcade game to be released to the public?"",""correct_answer"":1,""answers"":[""""Pong"""",""""Computer Space"""",""""Tetris"""",""""Pac Man""""]}"
097,"[""28 years old"",""40 years old"",""35 years old"",""30 years old""]",2,What is the minimum age for someone to run for President in the US?,"{""question"":""What is the minimum age for someone to run for President in the US?"",""correct_answer"":2,""answers"":[""28 years old"",""40 years old"",""35 years old"",""30 years old""]}"
098,"[""Benjamin Franklin"",""Thomas Jefferson"",""George Washington"",""James Madison""]",3,Who wrote the original Bill of Rights and brought it to Congress?,"{""question"":""Who wrote the original Bill of Rights and brought it to Congress?"",""correct_answer"":3,""answers"":[""Benjamin Franklin"",""Thomas Jefferson"",""George Washington"",""James Madison""]}"
099,"[""Jim"",""Eddie"",""Sid"",""Lou""]",2,"What is the name of Andy's neighbor in ""Toy Story?""","{""question"":""What is the name of Andy's neighbor in ""Toy Story?"""",""correct_answer"":2,""answers"":[""Jim"",""Eddie"",""Sid"",""Lou""]}"
100,"[""Maleficent"",""Hades"",""Ursula"",""Cruella de Vil""]",1,Pain and Panic were the minions of what Disney movie villain?,"{""question"":""Pain and Panic were the minions of what Disney movie villain?"",""correct_answer"":1,""answers"":[""Maleficent"",""Hades"",""Ursula"",""Cruella de Vil""]}"
101,"[""Technological Implement"",""Tiny Interconnector"",""Texas Instruments"",""Transducer Involvement""]",2,"What does the ""TI"" stand for in the name of the ubiquitous graphing calculator, the ""TI-83""?","{""question"":""What does the ""TI"" stand for in the name of the ubiquitous graphing calculator, the ""TI-83""?"",""correct_answer"":2,""answers"":[""Technological Implement"",""Tiny Interconnector"",""Texas Instruments"",""Transducer Involvement""]}"
102,"[""Diwali"",""Navratri"",""Holi"",""Rosh Hashanah""]",2,"What Hindu holiday is known as the ""festival of colors""?","{""question"":""What Hindu holiday is known as the ""festival of colors""?"",""correct_answer"":2,""answers"":[""Diwali"",""Navratri"",""Holi"",""Rosh Hashanah""]}"
103,"[""Hey Jude"",""Revolution 9"",""A Day in the Life"",""Yellow Submarine""]",1,What is the longest song ever released by The Beatles?,"{""question"":""What is the longest song ever released by The Beatles?"",""correct_answer"":1,""answers"":[""Hey Jude"",""Revolution 9"",""A Day in the Life"",""Yellow Submarine""]}"
104,"[""Wriggling"",""Busking"",""Scraping"",""Dongling""]",1,What word means performing in the street for donations?,"{""question"":""What word means performing in the street for donations?"",""correct_answer"":1,""answers"":[""Wriggling"",""Busking"",""Scraping"",""Dongling""]}"
105,"[""Red"",""Yellow"",""Blue"",""White""]",1,"In a standard set of pool table balls, what color is the 1 ball?","{""question"":""In a standard set of pool table balls, what color is the 1 ball?"",""correct_answer"":1,""answers"":[""Red"",""Yellow"",""Blue"",""White""]}"
106,"[""Zooplankton"",""Krill"",""Brine Shrimp"",""Algae""]",2,"What kind of animal is a ""sea monkey""?","{""question"":""What kind of animal is a ""sea monkey""?"",""correct_answer"":2,""answers"":[""Zooplankton"",""Krill"",""Brine Shrimp"",""Algae""]}"
107,"[""Abraham Lincoln"",""Benjamin Harrison"",""Harry Truman"",""Ulysses S. Grant""]",1,Who was the last US President to have a full beard while in office?,"{""question"":""Who was the last US President to have a full beard while in office?"",""correct_answer"":1,""answers"":[""Abraham Lincoln"",""Benjamin Harrison"",""Harry Truman"",""Ulysses S. Grant""]}"
108,"[""Baku, Azerbaijan"",""Amsterdam, Netherlands"",""Bangkok, Thailand"",""Canberra, Australia""]",0,"At 28 meters below sea level, what is the world's lowest national capital?","{""question"":""At 28 meters below sea level, what is the world's lowest national capital?"",""correct_answer"":0,""answers"":[""Baku, Azerbaijan"",""Amsterdam, Netherlands"",""Bangkok, Thailand"",""Canberra, Australia""]}"
109,"[""Dr. Seuss"",""Dr. Phil"",""Dr. Dre"",""Dr. Scholl""]",0,"Theodore Geisel is the real name of what ""Doctor""?","{""question"":""Theodore Geisel is the real name of what ""Doctor""?"",""correct_answer"":0,""answers"":[""Dr. Seuss"",""Dr. Phil"",""Dr. Dre"",""Dr. Scholl""]}"
110,"[""Kane-El"",""Krypto"",""Red"",""Peter Parker""]",1,What is the name of Superman's Superdog?,"{""question"":""What is the name of Superman's Superdog?"",""correct_answer"":1,""answers"":[""Kane-El"",""Krypto"",""Red"",""Peter Parker""]}"
111,"[""United Software Bureau"",""Union of Silicon Braids"",""Universal Serial Bus"",""Unified Silver Bands""]",2,What does the technology acronym USB stand for?,"{""question"":""What does the technology acronym USB stand for?"",""correct_answer"":2,""answers"":[""United Software Bureau"",""Union of Silicon Braids"",""Universal Serial Bus"",""Unified Silver Bands""]}"
112,"[""West Virginia"",""Pennsylvania"",""New York"",""Oregon""]",2,In what US state are the Adirondack Mountains?,"{""question"":""In what US state are the Adirondack Mountains?"",""correct_answer"":2,""answers"":[""West Virginia"",""Pennsylvania"",""New York"",""Oregon""]}"
113,"[""John Quincy Adams"",""Franklin Pierce"",""William Howard Taft"",""George Washington""]",2,Who is the only person to hold the positions of US President and Chief Justice of the Supreme Court?,"{""question"":""Who is the only person to hold the positions of US President and Chief Justice of the Supreme Court?"",""correct_answer"":2,""answers"":[""John Quincy Adams"",""Franklin Pierce"",""William Howard Taft"",""George Washington""]}"
114,"[""Bandai Namco"",""Square Enix"",""Capcom"",""Eversoft""]",1,"What video game company is known for its ""Final Fantasy"", ""Dragon Quest"", and ""Kingdom Hearts"" franchises?","{""question"":""What video game company is known for its ""Final Fantasy"", ""Dragon Quest"", and ""Kingdom Hearts"" franchises?"",""correct_answer"":1,""answers"":[""Bandai Namco"",""Square Enix"",""Capcom"",""Eversoft""]}"
115,"[""Swiss"",""Second"",""Steel"",""Superior""]",1,"What word mixes with ""watch"" to form the portmanteau company name, ""Swatch""?","{""question"":""What word mixes with ""watch"" to form the portmanteau company name, ""Swatch""?"",""correct_answer"":1,""answers"":[""Swiss"",""Second"",""Steel"",""Superior""]}"
116,"[""Quick Valise Channel"",""Queen Victoria Commerce"",""Quality Value Convenience"",""Qualified Visual Consumption""]",2,"What does the shopping channel initialism ""QVC"" stand for?","{""question"":""What does the shopping channel initialism ""QVC"" stand for?"",""correct_answer"":2,""answers"":[""Quick Valise Channel"",""Queen Victoria Commerce"",""Quality Value Convenience"",""Qualified Visual Consumption""]}"
117,"[""Hello"",""Thank you"",""Stand tall"",""See you later""]",1,"What is Styx telling Mr. Roboto when they say ""domo arigato""?","{""question"":""What is Styx telling Mr. Roboto when they say ""domo arigato""?"",""correct_answer"":1,""answers"":[""Hello"",""Thank you"",""Stand tall"",""See you later""]}"
118,"[""Steam"",""Sky"",""Liberty"",""Sun""]",0,Which of the following is not a WNBA team name?,"{""question"":""Which of the following is not a WNBA team name?"",""correct_answer"":0,""answers"":[""Steam"",""Sky"",""Liberty"",""Sun""]}"
119,"[""&"",""#"",""@"",""%""]",1,"What many-named symbol is also known as the ""octothorpe""?","{""question"":""What many-named symbol is also known as the ""octothorpe""?"",""correct_answer"":1,""answers"":[""&"",""#"",""@"",""%""]}"
120,"[""Pennsylvania"",""Maine"",""Maryland"",""Alaska""]",2,"In what state is the Blair Witch supposed to be lurking in the 1999 film ""The Blair Witch Project""?","{""question"":""In what state is the Blair Witch supposed to be lurking in the 1999 film ""The Blair Witch Project""?"",""correct_answer"":2,""answers"":[""Pennsylvania"",""Maine"",""Maryland"",""Alaska""]}"
121,"[""Vatican City"",""Jerusalem"",""Rome"",""Istanbul""]",2,Of what city is the Catholic Pope also the bishop?,"{""question"":""Of what city is the Catholic Pope also the bishop?"",""correct_answer"":2,""answers"":[""Vatican City"",""Jerusalem"",""Rome"",""Istanbul""]}"
122,"[""Denominator"",""Difference"",""Numerator"",""Quotient""]",0,What is the number below the line in a fraction called?,"{""question"":""What is the number below the line in a fraction called?"",""correct_answer"":0,""answers"":[""Denominator"",""Difference"",""Numerator"",""Quotient""]}"
123,"[""Tempura"",""Hibachi"",""Sashimi"",""Wasabi""]",1,"What Japanese food term literally translates to ""fire bowl""?","{""question"":""What Japanese food term literally translates to ""fire bowl""?"",""correct_answer"":1,""answers"":[""Tempura"",""Hibachi"",""Sashimi"",""Wasabi""]}"
124,"[""Belgium"",""Pakistan"",""Ireland"",""Israel""]",2,What country's head of government is called the Taoiseach?,"{""question"":""What country's head of government is called the Taoiseach?"",""correct_answer"":2,""answers"":[""Belgium"",""Pakistan"",""Ireland"",""Israel""]}"
125,"[""1.6"",""2.5"",""3.2"",""26.2""]",0,Approximately how many kilometers are in a mile?,"{""question"":""Approximately how many kilometers are in a mile?"",""correct_answer"":0,""answers"":[""1.6"",""2.5"",""3.2"",""26.2""]}"
126,"[""Red"",""Yellow"",""Blue"",""Green""]",0,"Carmine, cerise, and vermilion are all shades of what primary color?","{""question"":""Carmine, cerise, and vermilion are all shades of what primary color?"",""correct_answer"":0,""answers"":[""Red"",""Yellow"",""Blue"",""Green""]}"
127,"[""Sangria"",""Sambuca"",""Vermouth"",""Absinthe""]",0,"What alcoholic beverage's name comes from its dark red color, resembling blood?","{""question"":""What alcoholic beverage's name comes from its dark red color, resembling blood?"",""correct_answer"":0,""answers"":[""Sangria"",""Sambuca"",""Vermouth"",""Absinthe""]}"
128,"[""2 inches"",""4 inches"",""10 inches"",""24 inches""]",1,"Mostly used today for measuring horse height, how long is a hand?","{""question"":""Mostly used today for measuring horse height, how long is a hand?"",""correct_answer"":1,""answers"":[""2 inches"",""4 inches"",""10 inches"",""24 inches""]}"
129,"[""Chupacabra"",""Kraken"",""Sasquatch"",""Medusa""]",0,"What mythological monster's name literally translates to ""goat-sucker""?","{""question"":""What mythological monster's name literally translates to ""goat-sucker""?"",""correct_answer"":0,""answers"":[""Chupacabra"",""Kraken"",""Sasquatch"",""Medusa""]}"
130,"[""Southwest"",""Delta"",""American"",""United""]",0,"What airline's New York Stock Exchange ticker is ""LUV""?","{""question"":""What airline's New York Stock Exchange ticker is ""LUV""?"",""correct_answer"":0,""answers"":[""Southwest"",""Delta"",""American"",""United""]}"
131,"[""Apple"",""Banana"",""Peach"",""Raspberry""]",1,"What fruit has the cultivar variations ""Gros Michel"", ""Blue Java"", and ""Goldfinger""?","{""question"":""What fruit has the cultivar variations ""Gros Michel"", ""Blue Java"", and ""Goldfinger""?"",""correct_answer"":1,""answers"":[""Apple"",""Banana"",""Peach"",""Raspberry""]}"
132,"[""4"",""7"",""13"",""50""]",1,How many red stripes are on the flag of the United States?,"{""question"":""How many red stripes are on the flag of the United States?"",""correct_answer"":1,""answers"":[""4"",""7"",""13"",""50""]}"
133,"[""Ace of Spades"",""Queen of Spades"",""King of Diamonds"",""2 of Clubs""]",1,"In addition to all the hearts, what card must you have to ""shoot the moon"" in the game of Hearts?","{""question"":""In addition to all the hearts, what card must you have to ""shoot the moon"" in the game of Hearts?"",""correct_answer"":1,""answers"":[""Ace of Spades"",""Queen of Spades"",""King of Diamonds"",""2 of Clubs""]}"
134,"[""Mercury"",""Venus"",""Jupiter"",""Earth""]",1,What planet in our Solar System has the highest surface temperature?,"{""question"":""What planet in our Solar System has the highest surface temperature?"",""correct_answer"":1,""answers"":[""Mercury"",""Venus"",""Jupiter"",""Earth""]}"
135,"[""Turkey"",""Cardinal"",""Robin"",""Eagle""]",1,"The symbol of 7 states, what is the most commonly honored state bird in the US?","{""question"":""The symbol of 7 states, what is the most commonly honored state bird in the US?"",""correct_answer"":1,""answers"":[""Turkey"",""Cardinal"",""Robin"",""Eagle""]}"
136,"[""Carp"",""Bass"",""Perch"",""Tuna""]",0,What kind of fish is the common aquarium goldfish?,"{""question"":""What kind of fish is the common aquarium goldfish?"",""correct_answer"":0,""answers"":[""Carp"",""Bass"",""Perch"",""Tuna""]}"
137,"[""Tug-of-War"",""Live Pigeon Shooting"",""Arm Wrestling"",""Badminton""]",2,Which of these has never been an Olympic sport?,"{""question"":""Which of these has never been an Olympic sport?"",""correct_answer"":2,""answers"":[""Tug-of-War"",""Live Pigeon Shooting"",""Arm Wrestling"",""Badminton""]}"
138,"[""Gund"",""Tiger Electronics"",""Mattel"",""Fisher-Price""]",1,What toy company created the original Furby?,"{""question"":""What toy company created the original Furby?"",""correct_answer"":1,""answers"":[""Gund"",""Tiger Electronics"",""Mattel"",""Fisher-Price""]}"
139,"[""Priuses"",""Priem"",""Prii"",""Priopodes""]",2,"According to Toyota, what is the official plural form of the car model ""Prius""?","{""question"":""According to Toyota, what is the official plural form of the car model ""Prius""?"",""correct_answer"":2,""answers"":[""Priuses"",""Priem"",""Prii"",""Priopodes""]}"
140,"[""Eggplant"",""Cucumber"",""Carrot"",""Zucchini""]",0,"What vegetable is known in British English by the name ""aubergine""?","{""question"":""What vegetable is known in British English by the name ""aubergine""?"",""correct_answer"":0,""answers"":[""Eggplant"",""Cucumber"",""Carrot"",""Zucchini""]}"
141,"[""Zorro"",""Don Quixote"",""Thor"",""Shrek""]",0,"Which of these heroes' names translates to ""fox""?","{""question"":""Which of these heroes' names translates to ""fox""?"",""correct_answer"":0,""answers"":[""Zorro"",""Don Quixote"",""Thor"",""Shrek""]}"
142,"[""think.com"",""symbolics.com"",""xerox.com"",""microsoft.com""]",1,What was the first ever internet domain name?,"{""question"":""What was the first ever internet domain name?"",""correct_answer"":1,""answers"":[""think.com"",""symbolics.com"",""xerox.com"",""microsoft.com""]}"
143,"[""Rose"",""Virginia"",""Claudia"",""Michelle""]",2,"What was the real first name of the former US First Lady, ""Lady Bird"" Johnson?","{""question"":""What was the real first name of the former US First Lady, ""Lady Bird"" Johnson?"",""correct_answer"":2,""answers"":[""Rose"",""Virginia"",""Claudia"",""Michelle""]}"
144,"[""Munch's Make Believe Band"",""The Showbiz Cheesers"",""Chuck and the Cheeseheads"",""Pizza Rock City""]",0,What is the name of the Chuck E. Cheese's animatronic band?,"{""question"":""What is the name of the Chuck E. Cheese's animatronic band?"",""correct_answer"":0,""answers"":[""Munch's Make Believe Band"",""The Showbiz Cheesers"",""Chuck and the Cheeseheads"",""Pizza Rock City""]}"
145,"[""Barack Obama"",""Woodrow Wilson"",""Gerald Ford"",""George Washington""]",1,Who was the only US President to earn a Ph.D?,"{""question"":""Who was the only US President to earn a Ph.D?"",""correct_answer"":1,""answers"":[""Barack Obama"",""Woodrow Wilson"",""Gerald Ford"",""George Washington""]}"
146,"[""Daniel"",""Henry"",""Harrison"",""Alexander""]",1,"What is the real first name of the film character ""Indiana Jones""?","{""question"":""What is the real first name of the film character ""Indiana Jones""?"",""correct_answer"":1,""answers"":[""Daniel"",""Henry"",""Harrison"",""Alexander""]}"
147,"[""Lindsay Lohan"",""Carmen Electra"",""Paris Hilton"",""Kim Kardashian""]",2,"What celebrity trademarked the phrase ""That's hot"" in 2007?","{""question"":""What celebrity trademarked the phrase ""That's hot"" in 2007?"",""correct_answer"":2,""answers"":[""Lindsay Lohan"",""Carmen Electra"",""Paris Hilton"",""Kim Kardashian""]}"
148,"[""Lightning"",""Feet"",""Pain"",""Sound""]",1,What does a Brannock Device measure?,"{""question"":""What does a Brannock Device measure?"",""correct_answer"":1,""answers"":[""Lightning"",""Feet"",""Pain"",""Sound""]}"
149,"[""John F. Kennedy"",""Thomas Jefferson"",""Susan B. Anthony"",""Harriet Tubman""]",0,Who is on the obverse side of a standard 2022 US half dollar coin?,"{""question"":""Who is on the obverse side of a standard 2022 US half dollar coin?"",""correct_answer"":0,""answers"":[""John F. Kennedy"",""Thomas Jefferson"",""Susan B. Anthony"",""Harriet Tubman""]}"
150,"[""Saint"",""Twas"",""On"",""From""]",1,"What is the first word of Clement Clarke Moore's poem, ""A Visit from St. Nicholas""?","{""question"":""What is the first word of Clement Clarke Moore's poem, ""A Visit from St. Nicholas""?"",""correct_answer"":1,""answers"":[""Saint"",""Twas"",""On"",""From""]}"
151,"[""Baltimore"",""Detroit"",""Chicago"",""Miami""]",1,In what city was the fictional RoboCop deployed to fight crime?,"{""question"":""In what city was the fictional RoboCop deployed to fight crime?"",""correct_answer"":1,""answers"":[""Baltimore"",""Detroit"",""Chicago"",""Miami""]}"
152,"[""Lemur"",""Koala"",""Lynx"",""Kangaroo""]",0,What kind of animal is the PBS television star Zoboomafoo?,"{""question"":""What kind of animal is the PBS television star Zoboomafoo?"",""correct_answer"":0,""answers"":[""Lemur"",""Koala"",""Lynx"",""Kangaroo""]}"
153,"[""Surcharge"",""Underneath"",""Dreamt"",""Because""]",1,Which of these words is grammatically a preposition?,"{""question"":""Which of these words is grammatically a preposition?"",""correct_answer"":1,""answers"":[""Surcharge"",""Underneath"",""Dreamt"",""Because""]}"
154,"[""Square-circle"",""Wind-water"",""Peace-war"",""Good place""]",1,"What does the Chinese interior decorating and metaphysical system ""feng shui"" mean in English?","{""question"":""What does the Chinese interior decorating and metaphysical system ""feng shui"" mean in English?"",""correct_answer"":1,""answers"":[""Square-circle"",""Wind-water"",""Peace-war"",""Good place""]}"
155,"[""Eve 6"",""Blink-182"",""Twenty One Pilots"",""Avenged Sevenfold""]",3,Which of these band names has a prime number in it?,"{""question"":""Which of these band names has a prime number in it?"",""correct_answer"":3,""answers"":[""Eve 6"",""Blink-182"",""Twenty One Pilots"",""Avenged Sevenfold""]}"
156,"[""Dory"",""Marlin"",""Clowny"",""Andy""]",1,"What is the name of Nemo's dad in the 2003 movie ""Finding Nemo""?","{""question"":""What is the name of Nemo's dad in the 2003 movie ""Finding Nemo""?"",""correct_answer"":1,""answers"":[""Dory"",""Marlin"",""Clowny"",""Andy""]}"
157,"[""Enamel"",""Cartilage"",""Bone"",""Iron""]",2,"What is a swordfish's ""sword"" made out of?","{""question"":""What is a swordfish's ""sword"" made out of?"",""correct_answer"":2,""answers"":[""Enamel"",""Cartilage"",""Bone"",""Iron""]}"
158,"[""100 thousand years"",""1 million years"",""1 billion years"",""1 thousand years""]",2,"In astronomical terminology, how long is an eon?","{""question"":""In astronomical terminology, how long is an eon?"",""correct_answer"":2,""answers"":[""100 thousand years"",""1 million years"",""1 billion years"",""1 thousand years""]}"
159,"[""Queen Victoria"",""Queen Elizabeth I"",""Queen Elizabeth II"",""Queen Latifah""]",0,"For what Queen is the Australian state ""Queensland"" named?","{""question"":""For what Queen is the Australian state ""Queensland"" named?"",""correct_answer"":0,""answers"":[""Queen Victoria"",""Queen Elizabeth I"",""Queen Elizabeth II"",""Queen Latifah""]}"
160,"[""YouTube"",""Reddit"",""Twitter"",""Instagram""]",0,Which of these websites was founded first?,"{""question"":""Which of these websites was founded first?"",""correct_answer"":0,""answers"":[""YouTube"",""Reddit"",""Twitter"",""Instagram""]}"
161,"[""Arbor Day"",""Flag Day"",""Earth Day"",""Presidents' Day""]",2,What holiday is celebrated annually on April 22?,"{""question"":""What holiday is celebrated annually on April 22?"",""correct_answer"":2,""answers"":[""Arbor Day"",""Flag Day"",""Earth Day"",""Presidents' Day""]}"
162,"[""12"",""20"",""32"",""40""]",1,How many baby teeth to humans normally grow?,"{""question"":""How many baby teeth to humans normally grow?"",""correct_answer"":1,""answers"":[""12"",""20"",""32"",""40""]}"
163,"[""2 gallons"",""5 gallons"",""10 gallons"",""25 gallons""]",0,"When Peter Piper picked a peck of pickled peppers, how many pickled peppers did Peter Piper pick?","{""question"":""When Peter Piper picked a peck of pickled peppers, how many pickled peppers did Peter Piper pick?"",""correct_answer"":0,""answers"":[""2 gallons"",""5 gallons"",""10 gallons"",""25 gallons""]}"
164,"[""7"",""17"",""31"",""22""]",1,How many total syllables are in a haiku?,"{""question"":""How many total syllables are in a haiku?"",""correct_answer"":1,""answers"":[""7"",""17"",""31"",""22""]}"
165,"[""%"","""",""="",""/""]",1,What mathematical symbol is more formally known as an obelus?,"{""question"":""What mathematical symbol is more formally known as an obelus?"",""correct_answer"":1,""answers"":[""%"","""",""="",""/""]}"
166,"[""Sirius"",""Polaris"",""Vega"",""Betelgeuse""]",0,What is the brightest star in our night sky?,"{""question"":""What is the brightest star in our night sky?"",""correct_answer"":0,""answers"":[""Sirius"",""Polaris"",""Vega"",""Betelgeuse""]}"
167,"[""1"",""20"",""100"",""5""]",1,What is the most commonly counterfeited bill in the United States?,"{""question"":""What is the most commonly counterfeited bill in the United States?"",""correct_answer"":1,""answers"":[""1"",""20"",""100"",""5""]}"
168,"[""Sunflower"",""Rose"",""Lily"",""Dandelion""]",1,What is the official national flower of the United States?,"{""question"":""What is the official national flower of the United States?"",""correct_answer"":1,""answers"":[""Sunflower"",""Rose"",""Lily"",""Dandelion""]}"
169,"[""Hitman"",""Accountant"",""Surfer"",""Dancer""]",0,"What is Lon's profession in the 1994 movie, ""Lon: The Professional""?","{""question"":""What is Lon's profession in the 1994 movie, ""Lon: The Professional""?"",""correct_answer"":0,""answers"":[""Hitman"",""Accountant"",""Surfer"",""Dancer""]}"
170,"[""Connecticut"",""Delaware"",""Hawaii"",""Vermont""]",1,"After Rhode Island, what is the second-smallest state in the US?","{""question"":""After Rhode Island, what is the second-smallest state in the US?"",""correct_answer"":1,""answers"":[""Connecticut"",""Delaware"",""Hawaii"",""Vermont""]}"
171,"[""United States"",""China"",""Turkey"",""Brazil""]",1,What country produces the world's most apples?,"{""question"":""What country produces the world's most apples?"",""correct_answer"":1,""answers"":[""United States"",""China"",""Turkey"",""Brazil""]}"
172,"[""Main deck"",""Orlop Deck"",""Poop Deck"",""Steerage""]",2,Which of these decks is highest on a ship?,"{""question"":""Which of these decks is highest on a ship?"",""correct_answer"":2,""answers"":[""Main deck"",""Orlop Deck"",""Poop Deck"",""Steerage""]}"
173,"[""Cary Grant"",""John Wayne"",""Humphrey Bogart"",""Rock Hudson""]",1,"What film star was born with the name ""Marion Robert Morrison""?","{""question"":""What film star was born with the name ""Marion Robert Morrison""?"",""correct_answer"":1,""answers"":[""Cary Grant"",""John Wayne"",""Humphrey Bogart"",""Rock Hudson""]}"
174,"[""Port"",""Starboard"",""Aft"",""Stern""]",1,What is the nautical term for the right-hand side of a ship?,"{""question"":""What is the nautical term for the right-hand side of a ship?"",""correct_answer"":1,""answers"":[""Port"",""Starboard"",""Aft"",""Stern""]}"
175,"[""New Zealand"",""Denmark"",""Argentina"",""France""]",1,What country controls the island of Zealand?,"{""question"":""What country controls the island of Zealand?"",""correct_answer"":1,""answers"":[""New Zealand"",""Denmark"",""Argentina"",""France""]}"
176,"[""12.5 cents"",""50 cents"",""5 dollars"",""10 cents""]",0,"As in the song phrase ""shave and a haircut, two bits"", how much is a bit worth?","{""question"":""As in the song phrase ""shave and a haircut, two bits"", how much is a bit worth?"",""correct_answer"":0,""answers"":[""12.5 cents"",""50 cents"",""5 dollars"",""10 cents""]}"
177,"[""6 minutes, 21 seconds"",""14 minutes, 11 seconds"",""24 minutes, 37 seconds"",""3 minutes, 4 seconds""]",2,"According to Guinness World Records, what is the longest recorded time a person has ever held their breath?","{""question"":""According to Guinness World Records, what is the longest recorded time a person has ever held their breath?"",""correct_answer"":2,""answers"":[""6 minutes, 21 seconds"",""14 minutes, 11 seconds"",""24 minutes, 37 seconds"",""3 minutes, 4 seconds""]}"
178,"[""Platinum"",""Rhodium"",""Gold"",""Nickel""]",1,What is the most valuable precious metal in the world?,"{""question"":""What is the most valuable precious metal in the world?"",""correct_answer"":1,""answers"":[""Platinum"",""Rhodium"",""Gold"",""Nickel""]}"
179,"[""Triceratops"",""T-Rex"",""Velociraptor"",""Brontosaurus""]",1,What kind of dinosaur is Barney?,"{""question"":""What kind of dinosaur is Barney?"",""correct_answer"":1,""answers"":[""Triceratops"",""T-Rex"",""Velociraptor"",""Brontosaurus""]}"
180,"[""Ampere"",""Volt"",""Coulomb"",""Ohm""]",0,What unit measures electric current?,"{""question"":""What unit measures electric current?"",""correct_answer"":0,""answers"":[""Ampere"",""Volt"",""Coulomb"",""Ohm""]}"
